concoct_megahit_6_4_3	K03642
concoct_megahit_6_15_12	K01775
concoct_megahit_6_26_2	K07258
concoct_megahit_6_27_5	K01921
concoct_megahit_6_34_12	K01776
concoct_megahit_6_51_11	K01921
concoct_megahit_6_59_2	K05363
concoct_megahit_6_59_2	K11693
concoct_megahit_6_97_4	K01448
concoct_megahit_6_98_1	K05515
concoct_megahit_6_98_2	K07082
concoct_megahit_6_117_6	K05515
concoct_megahit_6_143_1	K02563
concoct_megahit_6_143_2	K01924
concoct_megahit_6_143_3	K00790
concoct_megahit_6_145_2	K06381
concoct_megahit_6_145_3	K00790
concoct_megahit_6_148_7	K21471
concoct_megahit_6_150_13	K08309
concoct_megahit_6_152_2	K01448
concoct_megahit_6_172_1	K05366
concoct_megahit_6_183_4	K00075
concoct_megahit_6_192_8	K06381
concoct_megahit_6_201_4	K19302
concoct_megahit_6_219_11	K07258
concoct_megahit_6_237_8	K07284
concoct_megahit_6_238_10	K03587
concoct_megahit_6_238_10	K08384
concoct_megahit_6_238_11	K01928
concoct_megahit_6_238_13	K01000
concoct_megahit_6_238_14	K01925
concoct_megahit_6_238_16	K02563
concoct_megahit_6_247_6	K06381
concoct_megahit_6_263_7	K05364
concoct_megahit_6_266_14	K07258
concoct_megahit_6_272_13	K01775
concoct_megahit_6_273_6	K01448
concoct_megahit_6_273_8	K01448
concoct_megahit_6_282_2	K08641
concoct_spades_11_6_2	K01448
concoct_spades_11_28_12	K01775
concoct_spades_11_32_8	K01448
concoct_spades_11_37_3	K01921
concoct_spades_11_40_2	K06153
concoct_spades_11_57_6	K00790
concoct_spades_11_70_7	K07258
concoct_spades_11_83_1	K05366
concoct_spades_11_85_6	K00075
concoct_spades_11_93_8	K03980
concoct_spades_11_108_5	K00790
concoct_spades_11_122_3	K05364
concoct_spades_11_123_3	K01776
concoct_spades_11_127_6	K06381
concoct_spades_11_134_2	K01448
concoct_spades_11_162_2	K21471
concoct_spades_11_163_1	K05515
concoct_spades_11_174_4	K03980
concoct_spades_11_194_1	K07258
concoct_spades_11_203_2	K21471
concoct_spades_11_219_2	K01928
concoct_spades_11_219_3	K03587
concoct_spades_11_219_3	K08384
concoct_spades_11_249_1	K07082
concoct_spades_11_264_1	K05515
concoct_spades_11_281_2	K01000
concoct_spades_11_281_3	K01925
concoct_spades_11_286_2	K00790
concoct_spades_11_286_3	K02563
concoct_spades_11_291_1	K05366
concoct_spades_11_301_2	K08309
concoct_spades_11_391_2	K03980
concoct_spades_11_405_3	K19302
concoct_spades_11_457_1	K02563
concoct_spades_11_457_3	K01925
concoct_spades_11_463_3	K01928
concoct_spades_11_499_2	K06381
concoct_spades_11_500_1	K05515
maxbin2.megahit.017_9_16	K05363
maxbin2.megahit.017_9_16	K11693
maxbin2.megahit.017_9_33	K01776
maxbin2.megahit.017_13_3	K03980
maxbin2.megahit.017_23_11	K03642
maxbin2.megahit.017_30_6	K08309
maxbin2.megahit.017_30_62	K05515
maxbin2.megahit.017_30_97	K07258
maxbin2.megahit.017_48_18	K01921
maxbin2.megahit.017_61_10	K00790
maxbin2.megahit.017_61_11	K06381
maxbin2.megahit.017_66_29	K00790
maxbin2.megahit.017_66_30	K01924
maxbin2.megahit.017_66_31	K02563
maxbin2.megahit.017_66_33	K01925
maxbin2.megahit.017_66_34	K01000
maxbin2.megahit.017_66_36	K01928
maxbin2.megahit.017_66_37	K03587
maxbin2.megahit.017_66_37	K08384
maxbin2.megahit.017_71_10	K19302
maxbin2.megahit.017_73_71	K06153
maxbin2.megahit.017_102_10	K00075
maxbin2.megahit.017_102_22	K05366
maxbin2.megahit.017_102_41	K21471
maxbin2.megahit.017_105_7	K21471
maxbin2.megahit.017_113_27	K07258
maxbin2.megahit.017_116_9	K01775
maxbin2.megahit.017_122_12	K06381
maxbin2.megahit.017_128_47	K01775
maxbin2.megahit.017_131_13	K05364
maxbin2.megahit.017_137_50	K01448
maxbin2.megahit.017_137_52	K01448
maxbin2.megahit.017_151_6	K01921
maxbin2.megahit.017_157_8	K01448
maxbin2.megahit.017_157_13	K01448
maxbin2.megahit.017_157_14	K01448
maxbin2.megahit.017_157_27	K19302
maxbin2.megahit.017_159_13	K07258
maxbin2.megahit.017_159_57	K05515
maxbin2.megahit.017_159_58	K07082
maxbin2.megahit.017_159_91	K06381
maxbin2.spades.001_1_333	K01925
maxbin2.spades.001_1_334	K01925
maxbin2.spades.001_1_532	K01924
maxbin2.spades.001_1_532	K01928
maxbin2.spades.001_1_533	K01000
maxbin2.spades.001_1_591	K19302
maxbin2.spades.001_1_1192	K06153
maxbin2.spades.001_1_1406	K02563
maxbin2.spades.001_1_1574	K07284
maxbin2.spades.006_1_115	K01448
maxbin2.spades.006_1_148	K06153
maxbin2.spades.006_1_162	K07258
maxbin2.spades.006_1_256	K05364
maxbin2.spades.006_1_319	K00790
maxbin2.spades.006_1_320	K00075
maxbin2.spades.006_1_321	K01924
maxbin2.spades.006_1_322	K02563
maxbin2.spades.006_1_324	K01925
maxbin2.spades.006_1_325	K01000
maxbin2.spades.006_1_327	K01928
maxbin2.spades.006_1_328	K03587
maxbin2.spades.006_1_328	K08384
maxbin2.spades.006_1_365	K07082
maxbin2.spades.006_1_469	K01921
maxbin2.spades.006_2_63	K03980
maxbin2.spades.006_2_116	K21471
maxbin2.spades.006_2_316	K01448
maxbin2.spades.006_3_2	K05366
maxbin2.spades.006_3_2	K12555
maxbin2.spades.006_3_74	K08309
maxbin2.spades.006_3_125	K01448
maxbin2.spades.006_3_132	K01776
maxbin2.spades.006_3_178	K01921
maxbin2.spades.006_3_221	K01775
maxbin2.spades.006_5_93	K07258
maxbin2.spades.006_5_93	K07262
maxbin2.spades.006_6_12	K06381
maxbin2.spades.006_6_14	K00790
maxbin2.spades.006_6_57	K01775
maxbin2.spades.006_6_62	K05363
maxbin2.spades.006_6_62	K11693
maxbin2.spades.006_7_79	K05515
maxbin2.spades.006_7_114	K03980
maxbin2.spades.006_8_5	K07258
maxbin2.spades.006_8_95	K07082
maxbin2.spades.006_8_126	K06381
maxbin2.spades.006_9_19	K01448
maxbin2.spades.006_10_77	K06381
maxbin2.spades.006_15_25	K00790
maxbin2.spades.006_23_8	K21472
maxbin2.spades.028_1_87	K07258
maxbin2.spades.028_2_23	K06381
maxbin2.spades.028_2_24	K00790
maxbin2.spades.028_2_64	K00790
maxbin2.spades.028_4_39	K01776
maxbin2.spades.028_6_43	K21468
maxbin2.spades.028_6_49	K07082
maxbin2.spades.028_8_42	K00075
maxbin2.spades.028_11_40	K21465
maxbin2.spades.028_13_12	K19223
maxbin2.spades.028_13_12	K19224
maxbin2.spades.028_13_12	K21471
maxbin2.spades.028_14_1	K01928
maxbin2.spades.028_14_3	K01000
maxbin2.spades.028_14_4	K01925
maxbin2.spades.028_16_16	K19302
maxbin2.spades.028_18_30	K07260
maxbin2.spades.028_24_29	K21472
maxbin2.spades.028_29_6	K05366
maxbin2.spades.028_31_11	K01924
maxbin2.spades.028_31_21	K03693
maxbin2.spades.028_31_21	K12551
maxbin2.spades.028_32_15	K21471
maxbin2.spades.028_33_6	K02545
maxbin2.spades.028_33_6	K21467
maxbin2.spades.028_40_25	K07258
maxbin2.spades.028_58_1	K08724
maxbin2.spades.028_58_1	K12552
maxbin2.spades.028_58_1	K12556
maxbin2.spades.028_59_2	K03980
maxbin2.spades.028_59_10	K07284
maxbin2.spades.028_82_5	K01775
maxbin2.spades.028_88_10	K21464
maxbin2.spades.028_92_16	K01448
maxbin2.spades.028_93_3	K07258
maxbin2.spades.028_109_4	K01448
maxbin2.spades.028_129_4	K01448
maxbin2.spades.028_140_1	K08724
maxbin2.spades.028_140_1	K12552
maxbin2.spades.028_140_1	K12556
maxbin2.spades.028_140_2	K08384
maxbin2.spades.028_140_4	K01928
maxbin2.spades.028_144_1	K02563
maxbin2.spades.028_144_2	K06153
maxbin2.spades.028_180_2	K01921
metabat1.megahit.20_1_22	K01775
metabat1.megahit.20_1_43	K01448
metabat1.megahit.20_3_2	K05366
metabat1.megahit.20_3_29	K01925
metabat1.megahit.20_3_80	K19302
metabat1.megahit.20_3_124	K21471
metabat1.megahit.20_3_129	K05515
metabat1.megahit.20_3_163	K01776
metabat1.megahit.20_3_165	K01448
metabat1.megahit.20_3_271	K21471
metabat1.megahit.20_3_337	K06381
metabat1.megahit.20_3_338	K00790
metabat1.megahit.20_3_384	K06381
metabat1.megahit.20_5_41	K08309
metabat1.megahit.20_5_44	K01448
metabat1.megahit.20_5_49	K00790
metabat1.megahit.20_6_3	K01921
metabat1.megahit.20_7_222	K13694
metabat1.megahit.20_7_222	K21471
metabat1.megahit.20_7_320	K07258
metabat1.megahit.20_7_335	K07258
metabat1.megahit.20_7_340	K01921
metabat1.megahit.20_7_341	K07258
metabat1.megahit.20_7_417	K07082
metabat1.megahit.20_7_486	K06153
metabat1.megahit.20_7_655	K00790
metabat1.megahit.20_7_656	K02563
metabat1.megahit.20_7_658	K01000
metabat1.megahit.20_7_660	K01928
metabat1.megahit.20_7_661	K03587
metabat1.megahit.20_7_661	K08384
metabat1.megahit.20_9_6	K01928
metabat1.megahit.20_9_7	K05363
metabat1.megahit.20_9_7	K11693
metabat1.megahit.20_12_1	K06381
metabat1.megahit.20_12_62	K13694
metabat1.megahit.20_12_62	K21471
metabat1.megahit.20_13_6	K00075
metabat1.megahit.20_13_16	K01924
metabat1.megahit.20_13_17	K01924
metabat1.megahit.20_13_24	K07284
metabat1.megahit.20_16_31	K07260
metabat1.megahit.20_17_107	K05366
metabat1.megahit.20_17_107	K21464
metabat1.spades.10_5_19	K01775
metabat1.spades.10_5_21	K01924
metabat1.spades.10_5_50	K01921
metabat1.spades.10_5_72	K19302
metabat1.spades.10_5_131	K06381
metabat1.spades.10_5_206	K01448
metabat1.spades.10_6_14	K08309
metabat1.spades.10_6_19	K08309
metabat1.spades.10_6_37	K05515
metabat1.spades.10_6_69	K07258
metabat1.spades.10_6_139	K06153
metabat1.spades.10_7_23	K01448
metabat1.spades.10_8_51	K00790
metabat1.spades.10_10_8	K01921
metabat1.spades.10_11_62	K00790
metabat1.spades.10_11_70	K06381
metabat1.spades.10_11_78	K03980
metabat1.spades.10_11_133	K01776
metabat1.spades.10_11_137	K21469
metabat1.spades.10_12_47	K07258
metabat1.spades.10_12_61	K07258
metabat1.spades.10_14_8	K07082
metabat1.spades.10_14_13	K05515
metabat1.spades.2_19_2	K21471
metabat1.spades.2_24_83	K01448
metabat1.spades.2_24_162	K01928
metabat1.spades.2_35_22	K01448
metabat1.spades.2_45_1	K07258
metabat1.spades.2_46_26	K01448
metabat1.spades.2_49_7	K05366
metabat1.spades.2_51_5	K01000
metabat1.spades.2_51_6	K01924
metabat1.spades.2_51_6	K01928
metabat1.spades.2_53_2	K01448
metabat1.spades.2_56_3	K19302
metabat1.spades.2_57_38	K03980
metabat1.spades.2_57_148	K00790
metabat1.spades.2_57_149	K06381
metabat1.spades.2_60_1	K01924
metabat1.spades.2_64_3	K01928
metabat1.spades.2_73_1	K05515
metabat1.spades.2_73_26	K08309
metabat1.spades.2_80_30	K01448
metabat1.spades.2_80_184	K01921
metabat1.spades.2_80_267	K07258
metabat1.spades.2_80_327	K03980
metabat1.spades.2_80_333	K01448
metabat1.spades.2_80_415	K05364
metabat1.spades.2_80_481	K00790
metabat1.spades.2_80_482	K00075
metabat1.spades.2_80_483	K01924
metabat1.spades.2_80_484	K02563
metabat1.spades.2_80_486	K01925
metabat1.spades.2_80_487	K01000
metabat1.spades.2_80_489	K01928
metabat1.spades.2_80_490	K03587
metabat1.spades.2_80_490	K08384
metabat1.spades.2_85_3	K07258
metabat1.spades.2_87_3	K05364
metabat1.spades.2_90_7	K00790
metabat1.spades.2_90_9	K06381
metabat1.spades.2_98_2	K08309
metabat1.spades.2_106_42	K01448
metabat1.spades.2_106_50	K07260
metabat1.spades.2_115_2	K17733
metabat1.spades.2_115_2	K19304
metabat1.spades.2_117_3	K01448
metabat1.spades.2_147_1	K05515
metabat2.megahit.14_15_7	K19302
metabat2.megahit.14_20_4	K06381
metabat2.megahit.14_22_13	K01924
metabat2.megahit.14_33_4	K01921
metabat2.megahit.14_37_1	K01928
metabat2.megahit.14_41_12	K05365
metabat2.megahit.14_41_12	K05366
metabat2.megahit.14_41_12	K21464
metabat2.megahit.14_50_12	K01776
metabat2.megahit.14_50_14	K17733
metabat2.megahit.14_67_2	K01775
metabat2.megahit.14_78_2	K02563
metabat2.megahit.14_78_3	K02563
metabat2.megahit.14_81_6	K00075
metabat2.megahit.14_95_8	K17733
metabat2.megahit.14_96_6	K01448
metabat2.megahit.14_99_10	K03587
metabat2.megahit.14_99_10	K08384
metabat2.megahit.14_99_11	K01000
metabat2.megahit.14_99_12	K01925
metabat2.megahit.14_100_18	K07258
metabat2.megahit.14_101_4	K07260
metabat2.megahit.14_105_1	K01776
metabat2.megahit.14_108_3	K00790
metabat2.megahit.14_129_3	K01448
metabat2.megahit.14_146_1	K17733
metabat2.megahit.14_146_3	K01928
metabat2.megahit.14_146_3	K15792
metabat2.megahit.14_154_10	K06153
metabat2.megahit.14_172_5	K07258
metabat2.megahit.24_2_63	K21471
metabat2.megahit.24_4_25	K01924
metabat2.megahit.24_4_44	K21465
metabat2.megahit.24_6_20	K06153
metabat2.megahit.24_11_35	K03980
metabat2.megahit.24_12_77	K06153
metabat2.megahit.24_16_16	K07260
metabat2.megahit.24_16_19	K02563
metabat2.megahit.24_16_27	K01775
metabat2.megahit.24_16_62	K21471
metabat2.megahit.24_16_122	K21472
metabat2.megahit.24_17_50	K06381
metabat2.megahit.24_17_69	K01448
metabat2.megahit.24_19_7	K01448
metabat2.megahit.24_19_36	K01928
metabat2.megahit.24_19_55	K07258
metabat2.megahit.24_19_66	K07258
metabat2.megahit.24_19_192	K07082
metabat2.megahit.24_19_251	K00790
metabat2.megahit.24_19_252	K00075
metabat2.megahit.24_19_254	K01925
metabat2.megahit.24_19_255	K01000
metabat2.megahit.24_19_257	K01928
metabat2.megahit.24_19_258	K08384
metabat2.megahit.24_19_258	K08724
metabat2.megahit.24_19_259	K08724
metabat2.megahit.24_19_259	K12552
metabat2.megahit.24_19_259	K12556
metabat2.megahit.24_20_39	K08309
metabat2.megahit.24_21_25	K01776
metabat2.megahit.24_21_33	K01448
metabat2.megahit.24_21_36	K03693
metabat2.megahit.24_21_36	K12551
metabat2.megahit.24_22_8	K07258
metabat2.megahit.24_22_61	K21471
metabat2.megahit.24_22_67	K05366
metabat2.megahit.24_22_67	K21464
metabat2.megahit.24_23_30	K00790
metabat2.megahit.24_23_31	K06381
metabat2.megahit.24_26_51	K01775
metabat2.megahit.24_26_52	K05363
metabat2.megahit.24_26_52	K11693
metabat2.megahit.24_33_97	K01921
metabat2.megahit.24_36_72	K01448
metabat2.megahit.33_1_45	K07258
metabat2.megahit.33_2_3	K19302
metabat2.megahit.33_2_95	K19302
metabat2.megahit.33_2_101	K01448
metabat2.megahit.33_4_66	K01776
metabat2.megahit.33_5_29	K07082
metabat2.megahit.33_5_33	K05515
metabat2.megahit.33_11_1	K07260
metabat2.megahit.33_14_46	K07258
metabat2.megahit.33_14_73	K01448
metabat2.megahit.33_16_3	K01921
metabat2.megahit.33_17_36	K00075
metabat2.megahit.33_22_104	K06381
metabat2.megahit.33_23_9	K01921
metabat2.megahit.33_24_7	K08641
metabat2.megahit.33_25_31	K07258
metabat2.megahit.33_25_37	K07258
metabat2.megahit.33_29_12	K01921
metabat2.megahit.33_32_36	K01924
metabat2.megahit.33_33_27	K01775
metabat2.megahit.33_33_49	K21471
metabat2.megahit.33_41_45	K08309
metabat2.megahit.33_41_66	K05515
metabat2.megahit.33_41_86	K07258
metabat2.megahit.33_41_156	K13694
metabat2.megahit.33_41_156	K19224
metabat2.megahit.33_41_156	K21471
metabat2.megahit.33_41_168	K05366
metabat2.megahit.33_41_180	K01921
metabat2.megahit.33_41_207	K03587
metabat2.megahit.33_41_207	K08384
metabat2.megahit.33_41_208	K01928
metabat2.megahit.33_41_209	K01000
metabat2.megahit.33_41_210	K01925
metabat2.megahit.33_41_212	K02563
metabat2.megahit.33_41_213	K00790
metabat2.megahit.33_51_14	K06153
metabat2.megahit.33_51_29	K03980
metabat2.megahit.33_60_15	K06153
metabat2.megahit.33_69_30	K01448
metabat2.megahit.33_75_24	K05364
metabat2.megahit.33_76_11	K01297
metabat2.megahit.33_78_44	K00790
metabat2.megahit.33_78_45	K06381
metabat2.spades.15_1_19	K01775
metabat2.spades.15_1_21	K01924
metabat2.spades.15_1_50	K01921
metabat2.spades.15_1_72	K19302
metabat2.spades.15_1_131	K06381
metabat2.spades.15_1_206	K01448
metabat2.spades.15_2_29	K03587
metabat2.spades.15_2_29	K08384
metabat2.spades.15_2_78	K05364
metabat2.spades.15_2_86	K21471
metabat2.spades.15_3_15	K08309
metabat2.spades.15_3_20	K08309
metabat2.spades.15_3_38	K05515
metabat2.spades.15_3_70	K07258
metabat2.spades.15_3_139	K06153
metabat2.spades.15_4_52	K00790
metabat2.spades.15_5_62	K00790
metabat2.spades.15_5_70	K06381
metabat2.spades.15_5_78	K03980
metabat2.spades.15_5_133	K01776
metabat2.spades.15_5_137	K21469
metabat2.spades.15_6_94	K05366
metabat2.spades.15_7_75	K03587
metabat2.spades.15_7_75	K08384
metabat2.spades.15_7_76	K01928
metabat2.spades.15_7_77	K01000
metabat2.spades.15_7_78	K01925
metabat2.spades.15_7_80	K02563
metabat2.spades.15_7_81	K00790
metabat2.spades.15_8_96	K01776
metabat2.spades.15_9_6	K01775
metabat2.spades.15_9_47	K19302
metabat2.spades.15_9_48	K19302
metabat2.spades.15_10_47	K07258
metabat2.spades.15_10_61	K07258
metabat2.spades.15_14_23	K00075
metabat2.spades.15_17_24	K06381
metabat2.spades.15_18_15	K21469
metabat2.spades.15_26_21	K01775
metabat2.spades.15_29_23	K01448
metabat2.spades.15_31_8	K07082
metabat2.spades.15_31_13	K05515
metabat2.spades.15_33_8	K01921
metabat2.spades.18_1_44	K01925
metabat2.spades.18_1_45	K01776
metabat2.spades.18_1_47	K01448
metabat2.spades.18_1_67	K01775
metabat2.spades.18_1_76	K01448
metabat2.spades.18_2_26	K06153
metabat2.spades.18_2_121	K01448
metabat2.spades.18_3_13	K06381
metabat2.spades.18_3_20	K05515
metabat2.spades.18_3_53	K03980
metabat2.spades.18_3_110	K07082
metabat2.spades.18_4_12	K07258
metabat2.spades.18_5_13	K01448
metabat2.spades.18_5_16	K05366
metabat2.spades.18_5_20	K02563
metabat2.spades.18_5_40	K03587
metabat2.spades.18_5_40	K08384
metabat2.spades.18_5_41	K01928
metabat2.spades.18_5_43	K01000
metabat2.spades.18_5_45	K00790
metabat2.spades.18_5_58	K01924
metabat2.spades.18_8_38	K01921
metabat2.spades.18_8_60	K06381
metabat2.spades.18_10_25	K21471
metabat2.spades.18_12_23	K08641
metabat2.spades.18_14_45	K05364
metabat2.spades.18_15_44	K07258
metabat2.spades.18_16_4	K03587
metabat2.spades.18_16_4	K08384
metabat2.spades.18_16_5	K07258
metabat2.spades.18_16_6	K05363
metabat2.spades.18_16_6	K11693
metabat2.spades.18_16_7	K01775
metabat2.spades.18_16_25	K01775
metabat2.spades.18_17_33	K00075
metabat2.spades.18_17_34	K21471
metabat2.spades.18_22_2	K07258
metabat2.spades.18_25_5	K00790
metabat2.spades.18_25_22	K08309
metabat2.spades.18_26_25	K19302
metabat2.spades.25_1_54	K08309
metabat2.spades.25_1_81	K07082
metabat2.spades.25_1_190	K07258
metabat2.spades.25_2_47	K07258
metabat2.spades.25_3_60	K01921
metabat2.spades.25_3_131	K05366
metabat2.spades.25_5_94	K07258
metabat2.spades.25_7_54	K01297
metabat2.spades.25_8_108	K21471
metabat2.spades.25_9_78	K03587
metabat2.spades.25_9_78	K08384
metabat2.spades.25_11_57	K01448
metabat2.spades.25_11_58	K17733
metabat2.spades.25_12_1	K05366
metabat2.spades.25_12_30	K06381
metabat2.spades.25_12_69	K03587
metabat2.spades.25_12_69	K08384
metabat2.spades.25_12_70	K01928
metabat2.spades.25_12_72	K01000
metabat2.spades.25_12_74	K02563
metabat2.spades.25_12_75	K00075
metabat2.spades.25_12_76	K00790
metabat2.spades.25_13_51	K00790
metabat2.spades.25_14_67	K05515
metabat2.spades.25_15_52	K06381
metabat2.spades.25_17_57	K01448
metabat2.spades.25_19_1	K05366
metabat2.spades.25_20_5	K00790
metabat2.spades.25_22_8	K07284
metabat2.spades.25_22_29	K00075
metabat2.spades.25_23_51	K01775
metabat2.spades.25_24_20	K03980
metabat2.spades.25_26_28	K01448
metabat2.spades.25_26_30	K01925
metabat2.spades.25_29_25	K01776
metabat2.spades.25_30_18	K03642
metabat2.spades.25_32_9	K21471
metabat2.spades.25_32_17	K06153
metabat2.spades.25_34_6	K07260
metabat2.spades.25_34_7	K21472
metabat2.spades.25_37_6	K07258
metabat2.spades.25_38_4	K01928
metabat2.spades.25_42_7	K05515
metabat2.spades.25_42_8	K07082
metabat2.spades.25_50_11	K19302
metabat2.spades.25_50_12	K01924
metabat2.spades.7_3_18	K21471
metabat2.spades.7_10_8	K19220
metabat2.spades.7_10_8	K19223
metabat2.spades.7_10_8	K19224
metabat2.spades.7_10_15	K07260
metabat2.spades.7_10_18	K19302
metabat2.spades.7_14_1	K07258
metabat2.spades.7_21_1	K00075
metabat2.spades.7_21_2	K02563
metabat2.spades.7_21_4	K01925
metabat2.spades.7_21_5	K01000
metabat2.spades.7_21_6	K01928
metabat2.spades.7_21_7	K08384
metabat2.spades.7_21_8	K08724
metabat2.spades.7_21_8	K12552
metabat2.spades.7_21_8	K12556
metabat2.spades.7_24_4	K01448
metabat2.spades.7_28_4	K21472
metabat2.spades.7_29_13	K01775
metabat2.spades.7_32_1	K21464
metabat2.spades.7_44_7	K07284
metabat2.spades.7_48_3	K21468
metabat2.spades.7_66_1	K07258
metabat2.spades.7_81_9	K01448
metabat2.spades.7_91_9	K21464
metabat2.spades.7_92_7	K00790
metabat2.spades.7_92_8	K06381
metabat2.spades.7_111_5	K00790
metabat2.spades.7_112_10	K03693
metabat2.spades.7_112_10	K12551
metabat2.spades.7_114_10	K01924
metabat2.spades.7_125_3	K03693
metabat2.spades.7_125_3	K12551
metabat2.spades.7_130_1	K08600
metabat2.spades.7_158_1	K07258
metabat2.spades.7_174_3	K19302
metabat2.spades.7_184_3	K07258
metabat2.spades.7_188_4	K05366
metabat2.spades.7_191_2	K01448
metabat2.spades.7_215_1	K05366
metabat2.spades.7_246_5	K02545
metabat2.spades.7_246_5	K21467
metabat2.spades.7_252_1	K12555
metabat2.spades.7_259_2	K00687
metabat2.spades.7_259_2	K12553
metabat2.spades.7_259_2	K21465
metabat2.spades.7_259_2	K21466
metabat2.spades.7_271_2	K07284
metabat2.spades.7_271_4	K05366
metabat2.spades.7_289_1	K01776
metabat2.spades.7_339_2	K21471
metabat2.spades.7_359_2	K01921
metabat2.spades.7_375_1	K07082
metabat2.spades.7_380_2	K17733
metabat2.spades.7_380_2	K19304
metabat2.spades.7_444_1	K02545
metabat2.spades.7_444_1	K21467
metabat2.spades.7_448_5	K07082
vamb.megahit.295_1_26	K08309
vamb.megahit.295_1_51	K05515
vamb.megahit.295_2_13	K01776
vamb.megahit.295_5_29	K01924
vamb.megahit.295_5_67	K01775
vamb.megahit.295_19_11	K21471
vamb.megahit.295_20_1	K05366
vamb.megahit.295_24_1	K01928
vamb.megahit.295_24_17	K05364
vamb.megahit.295_42_16	K06153
vamb.megahit.295_52_1	K07258
vamb.megahit.295_53_52	K00075
vamb.megahit.295_54_10	K01448
vamb.megahit.295_57_5	K01775
vamb.megahit.295_65_41	K03980
vamb.megahit.295_72_6	K21471
vamb.megahit.295_74_24	K05515
vamb.megahit.295_74_28	K07082
vamb.megahit.295_90_52	K07260
vamb.megahit.295_94_20	K00790
vamb.megahit.295_95_23	K06381
vamb.megahit.295_99_17	K01921
vamb.megahit.295_102_5	K06381
vamb.megahit.295_103_6	K00790
vamb.megahit.295_103_7	K02563
vamb.megahit.295_103_9	K01925
vamb.megahit.295_103_10	K01000
vamb.megahit.295_103_12	K01928
vamb.megahit.295_103_13	K03587
vamb.megahit.295_103_13	K08384
vamb.megahit.295_104_11	K21471
vamb.megahit.295_112_6	K07258
vamb.megahit.295_114_17	K07258
vamb.megahit.295_117_9	K01448
vamb.megahit.295_121_76	K08307
vamb.megahit.295_121_76	K19224
vamb.megahit.295_125_16	K01921
vamb.megahit.295_128_4	K01297
vamb.megahit.295_128_10	K01448
vamb.megahit.39_2_6	K07258
vamb.megahit.39_5_30	K05366
vamb.megahit.39_6_45	K01297
vamb.megahit.39_7_7	K18988
vamb.megahit.39_7_54	K07258
vamb.megahit.39_9_26	K00790
vamb.megahit.39_9_30	K01924
vamb.megahit.39_9_31	K19302
vamb.megahit.39_9_48	K01775
vamb.megahit.39_9_165	K01448
vamb.megahit.39_12_48	K00790
vamb.megahit.39_12_49	K00075
vamb.megahit.39_12_50	K02563
vamb.megahit.39_12_52	K01000
vamb.megahit.39_12_54	K01928
vamb.megahit.39_12_55	K03587
vamb.megahit.39_12_55	K08384
vamb.megahit.39_12_94	K06381
vamb.megahit.39_12_126	K05366
vamb.megahit.39_12_164	K21472
vamb.megahit.39_12_165	K07260
vamb.megahit.39_12_218	K01925
vamb.megahit.39_12_220	K01448
vamb.megahit.39_13_179	K07258
vamb.megahit.39_14_74	K01928
vamb.megahit.39_15_28	K08309
vamb.megahit.39_26_1	K06153
vamb.megahit.39_30_40	K07258
vamb.megahit.39_34_9	K00790
vamb.megahit.39_39_60	K06381
vamb.megahit.39_39_96	K03980
vamb.megahit.39_39_101	K21471
vamb.megahit.39_42_92	K07082
vamb.megahit.39_43_56	K07258
vamb.megahit.39_43_56	K07262
vamb.megahit.39_43_86	K07082
vamb.megahit.39_43_87	K05515
vamb.megahit.39_44_3	K05366
vamb.megahit.39_44_11	K05515
vamb.megahit.39_45_65	K01297
vamb.megahit.39_46_83	K01921
vamb.megahit.39_47_14	K00075
vamb.megahit.39_47_32	K07284
vamb.megahit.39_49_14	K03642
vamb.megahit.39_56_65	K07258
vamb.megahit.39_58_23	K03587
vamb.megahit.39_58_23	K08384
vamb.megahit.39_61_8	K01776
vamb.megahit.39_62_76	K21471
vamb.megahit.488_1_42	K01924
vamb.megahit.488_4_25	K05364
vamb.megahit.488_4_72	K01921
vamb.megahit.488_4_159	K19302
vamb.megahit.488_5_64	K07258
vamb.megahit.488_5_85	K05515
vamb.megahit.488_5_101	K08309
vamb.megahit.488_5_173	K01448
vamb.megahit.488_6_71	K01921
vamb.megahit.488_7_41	K06381
vamb.megahit.488_8_30	K01448
vamb.megahit.488_8_124	K01776
vamb.megahit.488_8_231	K01297
vamb.megahit.488_8_293	K03980
vamb.megahit.488_8_331	K07258
vamb.megahit.488_8_400	K00790
vamb.megahit.488_8_401	K06381
vamb.megahit.488_9_18	K00075
vamb.megahit.488_9_52	K21471
vamb.megahit.488_9_75	K01775
vamb.megahit.488_9_94	K01928
vamb.megahit.488_9_180	K19302
vamb.megahit.488_9_186	K01448
vamb.megahit.488_10_28	K07258
vamb.megahit.488_11_41	K01921
vamb.megahit.488_13_75	K21471
vamb.megahit.488_14_85	K01921
vamb.megahit.488_14_173	K06153
vamb.megahit.488_14_304	K05366
vamb.megahit.488_14_332	K03587
vamb.megahit.488_14_332	K08384
vamb.megahit.488_14_333	K01928
vamb.megahit.488_14_334	K01000
vamb.megahit.488_14_335	K01925
vamb.megahit.488_14_337	K02563
vamb.megahit.488_14_338	K00790
vamb.megahit.488_14_395	K07082
vamb.megahit.488_14_399	K05515
vamb.megahit.488_14_452	K21471
vamb.megahit.488_14_469	K01448
vamb.megahit.488_14_525	K07258
vamb.megahit.488_14_531	K07258
vamb.megahit.77_2_129	K00075
vamb.megahit.77_2_143	K21471
vamb.megahit.77_2_149	K05515
vamb.megahit.77_3_17	K01924
vamb.megahit.77_4_65	K06381
vamb.megahit.77_10_101	K01921
vamb.megahit.77_10_102	K01776
vamb.megahit.77_11_10	K01775
vamb.megahit.77_14_12	K21471
vamb.megahit.77_19_109	K07082
vamb.megahit.77_19_112	K05515
vamb.megahit.77_21_11	K01775
vamb.megahit.77_21_28	K07258
vamb.megahit.77_21_82	K03587
vamb.megahit.77_21_82	K08384
vamb.megahit.77_21_89	K01448
vamb.megahit.77_27_79	K08641
vamb.megahit.77_29_3	K00790
vamb.megahit.77_29_10	K03980
vamb.megahit.77_32_5	K01448
vamb.megahit.77_33_54	K05364
vamb.megahit.77_33_79	K03980
vamb.megahit.77_35_31	K03587
vamb.megahit.77_35_31	K08384
vamb.megahit.77_35_32	K01928
vamb.megahit.77_35_34	K01000
vamb.megahit.77_35_36	K02563
vamb.megahit.77_35_37	K00790
vamb.megahit.77_35_43	K08309
vamb.megahit.77_36_5	K01928
vamb.megahit.77_36_6	K00790
vamb.megahit.77_38_1	K01925
vamb.megahit.77_39_65	K01775
vamb.megahit.77_39_72	K03980
vamb.megahit.77_45_12	K05366
vamb.megahit.77_48_9	K07258
vamb.megahit.77_49_20	K03980
vamb.megahit.77_50_4	K21471
vamb.megahit.77_53_31	K07258
vamb.megahit.77_68_2	K06153
vamb.megahit.77_68_5	K08309
vamb.megahit.77_72_8	K07258
vamb.megahit.77_83_9	K00790
vamb.megahit.77_83_10	K06381
vamb.megahit.77_83_28	K01775
vamb.megahit.78_69_30	K07284
vamb.megahit.78_73_10	K19302
vamb.megahit.78_91_7	K06153
vamb.megahit.78_92_9	K02563
vamb.megahit.78_124_12	K01924
vamb.megahit.78_124_12	K01928
vamb.megahit.78_124_13	K01000
vamb.megahit.78_154_1	K01925
vamb.megahit.78_154_2	K01925
vamb.megahit.78_177_10	K01925
vamb.spades.1056_2_37	K01448
vamb.spades.1056_2_130	K01776
vamb.spades.1056_6_4	K01921
vamb.spades.1056_6_27	K05364
vamb.spades.1056_8_33	K01928
vamb.spades.1056_8_43	K01775
vamb.spades.1056_8_62	K21471
vamb.spades.1056_8_79	K00075
vamb.spades.1056_8_105	K07258
vamb.spades.1056_12_5	K01448
vamb.spades.1056_15_22	K01921
vamb.spades.1056_15_45	K07260
vamb.spades.1056_16_97	K05366
vamb.spades.1056_16_124	K03587
vamb.spades.1056_16_124	K08384
vamb.spades.1056_16_125	K01928
vamb.spades.1056_16_126	K01000
vamb.spades.1056_16_127	K01925
vamb.spades.1056_16_129	K02563
vamb.spades.1056_16_130	K00790
vamb.spades.1056_16_173	K07082
vamb.spades.1056_16_177	K05515
vamb.spades.1056_16_223	K07258
vamb.spades.1056_16_229	K07258
vamb.spades.1056_20_5	K01448
vamb.spades.1056_25_31	K06381
vamb.spades.1056_30_3	K08309
vamb.spades.1056_30_18	K05515
vamb.spades.1056_30_38	K07258
vamb.spades.1056_30_62	K03980
vamb.spades.1056_34_29	K01921
vamb.spades.1056_35_32	K01924
vamb.spades.1056_36_7	K06381
vamb.spades.1056_36_8	K00790
vamb.spades.1056_39_38	K06153
vamb.spades.1056_39_60	K01921
vamb.spades.1056_40_3	K19302
vamb.spades.1056_45_39	K01297
vamb.spades.1056_49_3	K03980
vamb.spades.108_3_51	K08309
vamb.spades.108_6_34	K01775
vamb.spades.108_8_75	K01448
vamb.spades.108_10_41	K01448
vamb.spades.108_10_42	K01776
vamb.spades.108_10_83	K05515
vamb.spades.108_11_17	K05366
vamb.spades.108_11_17	K12555
vamb.spades.108_17_52	K03980
vamb.spades.108_17_58	K07258
vamb.spades.108_19_35	K05515
vamb.spades.108_19_35	K21467
vamb.spades.108_19_155	K01921
vamb.spades.108_19_315	K05515
vamb.spades.108_19_319	K07082
vamb.spades.108_20_2	K13694
vamb.spades.108_20_2	K21471
vamb.spades.108_23_47	K06381
vamb.spades.108_26_22	K07260
vamb.spades.108_26_29	K01448
vamb.spades.108_26_118	K08309
vamb.spades.108_26_161	K21471
vamb.spades.108_26_232	K05366
vamb.spades.108_26_232	K12555
vamb.spades.108_29_7	K08384
vamb.spades.108_29_8	K01928
vamb.spades.108_29_10	K01000
vamb.spades.108_29_11	K01925
vamb.spades.108_29_13	K02563
vamb.spades.108_29_14	K01924
vamb.spades.108_29_15	K00075
vamb.spades.108_29_16	K00790
vamb.spades.108_29_102	K07258
vamb.spades.108_29_139	K07258
vamb.spades.108_30_64	K06381
vamb.spades.108_30_65	K00790
vamb.spades.108_32_58	K03642
vamb.spades.108_32_109	K05363
vamb.spades.108_32_109	K11693
vamb.spades.108_32_110	K01775
vamb.spades.108_34_65	K06153
vamb.spades.1_1_1	K06381
vamb.spades.1_1_23	K01921
vamb.spades.1_7_5	K00790
vamb.spades.1_7_23	K08309
vamb.spades.1_7_71	K05364
vamb.spades.1_7_109	K07258
vamb.spades.1_7_194	K07258
vamb.spades.1_7_260	K07258
vamb.spades.1_10_17	K03587
vamb.spades.1_10_17	K08384
vamb.spades.1_10_18	K07258
vamb.spades.1_10_19	K05363
vamb.spades.1_10_19	K11693
vamb.spades.1_10_20	K01775
vamb.spades.1_11_26	K06153
vamb.spades.1_11_121	K01448
vamb.spades.1_18_1	K06381
vamb.spades.1_26_4	K07082
vamb.spades.1_26_61	K03980
vamb.spades.1_26_91	K05515
vamb.spades.1_26_98	K06381
vamb.spades.1_26_99	K01448
vamb.spades.1_27_38	K19302
vamb.spades.1_31_23	K00075
vamb.spades.1_31_24	K21471
vamb.spades.1_33_90	K21471
vamb.spades.1_36_49	K01775
vamb.spades.1_38_64	K08641
vamb.spades.1_41_45	K01924
vamb.spades.1_41_58	K00790
vamb.spades.1_41_60	K01000
vamb.spades.1_41_62	K01928
vamb.spades.1_41_63	K03587
vamb.spades.1_41_63	K08384
vamb.spades.1_41_83	K02563
vamb.spades.1_41_87	K05366
vamb.spades.1_41_90	K01448
vamb.spades.1_42_32	K01925
vamb.spades.1_42_33	K01776
vamb.spades.1_42_35	K01448
vamb.spades.1_42_56	K01775
vamb.spades.1_42_65	K01448
vamb.spades.21_2_64	K00790
vamb.spades.21_2_65	K00075
vamb.spades.21_2_66	K01924
vamb.spades.21_2_67	K02563
vamb.spades.21_2_69	K01925
vamb.spades.21_2_70	K01000
vamb.spades.21_2_72	K01928
vamb.spades.21_2_73	K03587
vamb.spades.21_2_73	K08384
vamb.spades.21_7_14	K05363
vamb.spades.21_7_14	K11693
vamb.spades.21_7_15	K01775
vamb.spades.21_7_50	K00790
vamb.spades.21_7_51	K06381
vamb.spades.21_10_12	K05364
vamb.spades.21_14_31	K01448
vamb.spades.21_14_134	K19224
vamb.spades.21_14_134	K21471
vamb.spades.21_15_62	K08309
vamb.spades.21_15_119	K01448
vamb.spades.21_15_169	K05366
vamb.spades.21_15_169	K12555
vamb.spades.21_16_115	K01448
vamb.spades.21_17_23	K01775
vamb.spades.21_19_3	K01448
vamb.spades.21_24_78	K21471
vamb.spades.21_24_106	K03980
vamb.spades.21_25_29	K06153
vamb.spades.21_26_20	K07258
vamb.spades.21_27_13	K06381
vamb.spades.21_31_13	K01921
vamb.spades.21_31_74	K07258
vamb.spades.21_32_37	K07258
vamb.spades.21_32_123	K03980
vamb.spades.21_32_154	K05515
vamb.spades.21_32_174	K01776
vamb.spades.21_32_175	K01448
vamb.spades.21_32_185	K01448
vamb.spades.21_32_204	K07284
vamb.spades.21_36_24	K06381
vamb.spades.21_39_2	K01448
vamb.spades.21_40_18	K07258
vamb.spades.21_40_88	K05515
vamb.spades.21_40_90	K07082
vamb.spades.21_41_18	K00790
vamb.spades.222_1_26	K05364
vamb.spades.222_2_37	K03980
vamb.spades.222_2_145	K00790
vamb.spades.222_2_146	K06381
vamb.spades.222_3_1	K06153
vamb.spades.222_5_29	K07258
vamb.spades.222_5_39	K07258
vamb.spades.222_5_90	K05515
vamb.spades.222_5_94	K07082
vamb.spades.222_13_37	K07260
vamb.spades.222_13_71	K01921
vamb.spades.222_15_8	K03980
vamb.spades.222_16_24	K01448
vamb.spades.222_18_37	K01776
vamb.spades.222_22_102	K07258
vamb.spades.222_22_122	K05515
vamb.spades.222_22_138	K08309
vamb.spades.222_24_1	K00790
vamb.spades.222_24_2	K02563
vamb.spades.222_24_4	K01925
vamb.spades.222_24_5	K01000
vamb.spades.222_24_6	K01928
vamb.spades.222_24_7	K03587
vamb.spades.222_24_7	K08384
vamb.spades.222_24_34	K05366
vamb.spades.222_26_57	K01448
vamb.spades.222_28_42	K06381
vamb.spades.222_30_16	K21471
vamb.spades.222_32_7	K01924
vamb.spades.222_42_82	K01448
vamb.spades.222_42_161	K01928
vamb.spades.222_45_60	K01775
vamb.spades.222_45_61	K01297
vamb.spades.222_45_108	K01921
vamb.spades.222_45_130	K19302
vamb.spades.222_46_22	K00075
vamb.spades.222_47_35	K21471
vamb.spades.222_47_54	K01775
vamb.spades.222_49_50	K01921
vamb.spades.267_10_3	K01448
vamb.spades.267_10_5	K01448
vamb.spades.267_16_12	K01775
vamb.spades.267_18_26	K00790
vamb.spades.267_18_27	K01924
vamb.spades.267_18_28	K02563
vamb.spades.267_18_30	K01925
vamb.spades.267_18_31	K01000
vamb.spades.267_18_33	K01928
vamb.spades.267_18_34	K03587
vamb.spades.267_18_34	K08384
vamb.spades.267_18_45	K07284
vamb.spades.267_19_2	K05363
vamb.spades.267_19_2	K11693
vamb.spades.267_19_22	K01776
vamb.spades.267_24_7	K21471
vamb.spades.267_30_20	K08309
vamb.spades.267_31_11	K08641
vamb.spades.267_31_163	K01775
vamb.spades.267_32_11	K06381
vamb.spades.267_37_20	K06153
vamb.spades.267_40_12	K01921
vamb.spades.267_40_20	K01775
vamb.spades.267_40_50	K05364
vamb.spades.267_44_13	K19302
vamb.spades.267_44_26	K01448
vamb.spades.267_44_27	K01448
vamb.spades.267_44_32	K01448
vamb.spades.267_44_39	K01921
vamb.spades.267_47_31	K03980
vamb.spades.267_49_2	K07082
vamb.spades.267_49_3	K05515
vamb.spades.267_49_46	K07258
vamb.spades.267_49_68	K07258
vamb.spades.267_54_36	K05515
vamb.spades.267_54_69	K07258
vamb.spades.267_56_13	K06381
vamb.spades.267_63_11	K03642
vamb.spades.267_64_3	K19302
vamb.spades.267_66_30	K06381
vamb.spades.267_66_31	K00790
vamb.spades.267_75_7	K19224
vamb.spades.267_75_7	K21471
vamb.spades.267_76_24	K05366
vamb.spades.267_76_37	K00075
vamb.spades.286_3_10	K05364
vamb.spades.286_4_48	K01448
vamb.spades.286_4_83	K01924
vamb.spades.286_4_92	K06381
vamb.spades.286_4_93	K00790
vamb.spades.286_9_9	K07258
vamb.spades.286_17_92	K21472
vamb.spades.286_17_119	K03587
vamb.spades.286_17_119	K08384
vamb.spades.286_23_40	K03980
vamb.spades.286_24_9	K01921
vamb.spades.286_24_10	K01776
vamb.spades.286_24_19	K01448
vamb.spades.286_24_106	K00075
vamb.spades.286_24_186	K07258
vamb.spades.286_24_226	K07258
vamb.spades.286_31_2	K01928
vamb.spades.286_35_107	K01448
vamb.spades.286_43_50	K00790
vamb.spades.286_43_51	K01928
vamb.spades.286_43_73	K01775
vamb.spades.286_43_82	K01775
vamb.spades.286_47_3	K01448
vamb.spades.286_49_4	K08600
vamb.spades.286_56_3	K07258
vamb.spades.286_60_26	K01775
vamb.spades.286_60_72	K01921
vamb.spades.286_61_16	K05366
vamb.spades.286_61_17	K05515
vamb.spades.286_61_20	K05363
vamb.spades.286_61_20	K11693
vamb.spades.286_61_21	K01775
vamb.spades.286_69_62	K06153
vamb.spades.286_69_64	K08309
vamb.spades.286_71_82	K01448
vamb.spades.286_71_121	K21471
vamb.spades.286_74_47	K01775
vamb.spades.286_74_140	K07082
vamb.spades.286_74_143	K05515
vamb.spades.286_82_52	K06381
vamb.spades.286_82_69	K01925
vamb.spades.286_82_97	K07258
vamb.spades.286_82_204	K08309
vamb.spades.286_82_209	K00790
vamb.spades.286_82_210	K02563
vamb.spades.286_82_212	K01000
vamb.spades.286_82_214	K01928
vamb.spades.286_82_215	K03587
vamb.spades.286_82_215	K08384
vamb.spades.286_82_236	K01921
vamb.spades.286_82_237	K01928
vamb.spades.286_85_105	K07258
vamb.spades.286_88_20	K00790
vamb.spades.298_5_2	K01448
vamb.spades.298_35_1	K05515
vamb.spades.298_35_1	K21467
vamb.spades.298_43_5	K05515
vamb.spades.298_47_7	K03642
vamb.spades.298_85_2	K07258
vamb.spades.298_97_15	K07258
vamb.spades.298_112_7	K06381
vamb.spades.298_143_1	K01775
vamb.spades.298_143_16	K01448
vamb.spades.298_151_1	K05366
vamb.spades.298_151_1	K12555
vamb.spades.298_153_14	K08384
vamb.spades.298_153_15	K01928
vamb.spades.298_184_1	K01928
vamb.spades.298_184_3	K01000
vamb.spades.298_184_4	K01925
vamb.spades.298_184_6	K02563
vamb.spades.298_184_7	K01924
vamb.spades.298_184_8	K00075
vamb.spades.298_184_9	K00790
vamb.spades.298_188_1	K05363
vamb.spades.298_188_1	K11693
vamb.spades.298_196_2	K01921
vamb.spades.298_206_2	K03980
vamb.spades.298_245_2	K21471
vamb.spades.298_255_1	K07082
vamb.spades.298_256_6	K06153
vamb.spades.298_262_1	K01448
vamb.spades.298_309_2	K01775
vamb.spades.298_328_7	K06381
vamb.spades.298_340_1	K05515
vamb.spades.298_364_5	K06381
vamb.spades.298_364_6	K00790
vamb.spades.298_365_4	K08309
vamb.spades.298_366_1	K07260
vamb.spades.298_368_4	K01921
vamb.spades.298_392_1	K05515
vamb.spades.298_407_25	K01775
vamb.spades.298_414_1	K07258
vamb.spades.298_420_1	K07082
vamb.spades.298_439_33	K08309
vamb.spades.298_448_2	K01776
vamb.spades.6_2_19	K05366
vamb.spades.6_2_19	K12555
vamb.spades.6_2_34	K06381
vamb.spades.6_2_91	K07082
vamb.spades.6_4_92	K01448
vamb.spades.6_4_103	K01448
vamb.spades.6_5_36	K19302
vamb.spades.6_5_37	K19302
vamb.spades.6_5_56	K07258
vamb.spades.6_5_173	K08309
vamb.spades.6_7_127	K08309
vamb.spades.6_8_68	K06153
vamb.spades.6_8_99	K05515
vamb.spades.6_8_121	K01776
vamb.spades.6_8_122	K01448
vamb.spades.6_10_62	K01448
vamb.spades.6_10_137	K21471
vamb.spades.6_10_138	K06381
vamb.spades.6_10_139	K00790
vamb.spades.6_10_172	K01775
vamb.spades.6_10_173	K05363
vamb.spades.6_10_173	K11693
vamb.spades.6_10_374	K06381
vamb.spades.6_10_398	K19302
vamb.spades.6_11_4	K21471
vamb.spades.6_11_37	K21471
vamb.spades.6_14_10	K07258
vamb.spades.6_14_14	K19302
vamb.spades.6_16_23	K19224
vamb.spades.6_16_23	K21471
vamb.spades.6_16_94	K01775
vamb.spades.6_18_32	K01448
vamb.spades.6_18_187	K01921
vamb.spades.6_18_270	K07258
vamb.spades.6_18_329	K03980
vamb.spades.6_18_335	K01448
vamb.spades.6_18_418	K05364
vamb.spades.6_18_485	K00790
vamb.spades.6_18_486	K00075
vamb.spades.6_18_487	K01924
vamb.spades.6_18_488	K02563
vamb.spades.6_18_490	K01925
vamb.spades.6_18_491	K01000
vamb.spades.6_18_493	K01928
vamb.spades.6_18_494	K03587
vamb.spades.6_18_494	K08384
vamb.spades.6_21_66	K01297
vamb.spades.6_22_47	K21471
vamb.spades.6_23_81	K03980
vamb.spades.812_2_76	K21471
vamb.spades.812_7_7	K05366
vamb.spades.812_8_4	K08384
vamb.spades.812_8_5	K01928
vamb.spades.812_8_7	K01000
vamb.spades.812_8_8	K01925
vamb.spades.812_8_10	K02563
vamb.spades.812_8_11	K01924
vamb.spades.812_8_12	K00790
vamb.spades.812_8_13	K01921
vamb.spades.812_8_20	K21471
vamb.spades.812_11_22	K21471
vamb.spades.812_11_42	K05366
vamb.spades.812_11_42	K21464
vamb.spades.812_11_113	K00790
vamb.spades.812_12_12	K08309
vamb.spades.812_18_19	K00075
vamb.spades.812_19_103	K05515
vamb.spades.812_20_31	K01448
vamb.spades.812_21_10	K19302
vamb.spades.812_22_26	K07258
vamb.spades.812_27_8	K07258
vamb.spades.812_28_22	K01448
vamb.spades.812_29_17	K07258
vamb.spades.812_29_31	K06153
vamb.spades.812_30_24	K00790
vamb.spades.812_30_25	K06381
vamb.spades.812_37_10	K01448
vamb.spades.812_39_1	K01448
vamb.spades.812_40_1	K06381
vamb.spades.812_40_44	K07082
vamb.spades.812_41_6	K21471
vamb.spades.812_44_41	K01448
vamb.spades.812_44_48	K07260
vamb.spades.812_46_38	K01775
vamb.spades.812_50_85	K07258
vamb.spades.812_50_89	K01776
vamb.spades.812_51_49	K06381
vamb.spades.857_2_4	K19302
vamb.spades.857_8_4	K01448
vamb.spades.857_8_6	K01448
vamb.spades.857_19_9	K06381
vamb.spades.857_19_10	K00790
vamb.spades.857_25_29	K06381
vamb.spades.857_45_13	K19224
vamb.spades.857_45_13	K21471
vamb.spades.857_50_26	K00790
vamb.spades.857_50_27	K01924
vamb.spades.857_50_28	K02563
vamb.spades.857_50_30	K01925
vamb.spades.857_50_31	K01000
vamb.spades.857_50_33	K01928
vamb.spades.857_50_34	K03587
vamb.spades.857_50_34	K08384
vamb.spades.857_51_1	K01921
vamb.spades.857_55_27	K03980
vamb.spades.857_61_11	K01921
vamb.spades.857_61_21	K01448
vamb.spades.857_67_3	K08641
vamb.spades.857_68_36	K05515
vamb.spades.857_68_69	K07258
vamb.spades.857_81_11	K03642
vamb.spades.857_87_6	K01448
vamb.spades.857_87_7	K01448
vamb.spades.857_87_22	K19302
vamb.spades.857_90_82	K05363
vamb.spades.857_90_82	K11693
vamb.spades.857_91_40	K07284
vamb.spades.857_94_27	K08309
vamb.spades.857_94_47	K21471
vamb.spades.857_95_10	K05364
vamb.spades.857_97_54	K01775
vamb.spades.857_98_21	K06153
vamb.spades.857_101_25	K01775
vamb.spades.857_103_13	K01776
vamb.spades.857_104_4	K07258
vamb.spades.857_104_24	K07258
vamb.spades.857_104_67	K05515
vamb.spades.857_104_68	K07082
vamb.spades.857_105_32	K05366
vamb.spades.857_105_43	K00075
vamb.spades.857_110_30	K06381
